test_example_id,df_predicted
0,f
1,m
2,m
3,f
4,f
5,m
6,m
7,m
8,f
9,m
10,m
11,f
12,m
13,f
14,m
15,m
16,f
17,m
18,m
19,f
20,m
21,m
22,f
23,f
24,m
25,f
26,f
27,f
28,m
29,f
30,f
31,f
32,f
33,m
34,m
35,m
36,m
37,f
38,f
39,m
40,m
41,f
42,m
43,f
44,m
45,m
46,m
47,m
48,f
49,f
50,m
51,m
52,m
53,m
54,f
55,f
56,f
57,m
58,f
59,m
60,m
61,f
62,m
63,f
64,f
65,f
66,m
67,f
68,m
69,f
70,m
71,f
72,m
73,f
74,m
75,m
76,f
77,m
78,m
79,f
80,f
81,f
82,m
83,m
84,m
85,m
86,f
87,m
88,f
89,m
90,f
91,m
92,f
93,m
94,m
95,f
96,m
97,m
98,m
99,f
100,f
101,f
102,f
103,m
104,m
105,m
106,m
107,m
108,m
109,m
110,m
111,m
112,f
113,f
114,f
115,m
116,f
117,f
118,f
119,m
120,f
121,m
122,m
123,f
124,f
125,m
126,f
127,f
128,m
129,f
130,m
131,f
132,f
133,m
134,m
135,f
136,m
137,m
138,f
139,m
140,m
141,f
142,m
143,m
144,m
145,m
146,m
147,f
148,f
149,f
150,f
151,m
152,m
153,m
154,m
155,m
156,m
157,m
158,f
159,f
160,f
161,f
162,m
163,m
164,m
165,m
166,m
167,f
168,f
169,f
170,f
171,f
172,m
173,m
174,f
175,m
176,m
177,m
178,m
179,m
180,f
181,m
182,f
183,f
184,m
185,m
186,f
187,f
188,m
189,m
190,m
191,m
192,m
193,f
194,m
195,f
196,m
197,m
198,f
199,m
200,m
201,m
202,f
203,f
204,m
205,m
206,f
207,m
208,m
209,m
210,f
211,m
212,f
213,m
214,f
215,f
216,m
217,m
218,f
219,f
220,m
221,f
222,m
223,f
224,f
225,f
226,m
227,m
228,m
229,m
230,f
231,f
232,m
233,f
234,m
235,f
236,f
237,m
238,m
239,f
240,m
241,m
242,f
243,m
244,m
245,f
246,f
247,f
248,f
249,m
250,f
251,m
252,m
253,f
254,f
255,m
256,f
257,f
258,f
259,f
260,f
261,f
262,f
263,f
264,f
265,m
266,f
267,f
268,m
269,f
270,m
271,f
272,m
273,m
274,f
275,f
276,f
277,f
278,m
279,f
280,m
281,f
282,m
283,m
284,f
285,f
286,f
287,m
288,m
289,m
290,m
291,m
292,m
293,f
294,f
295,m
296,f
297,m
298,m
299,f
300,m
301,m
302,m
303,f
304,m
305,f
306,f
307,f
308,m
309,f
310,m
311,m
312,m
313,m
314,m
315,f
316,f
317,f
318,f
319,f
320,m
321,m
322,f
